,loss,cohesion_loss,syntax_loss,vocabulary_loss,phraseology_loss,grammar_loss,conventions_loss,cohesion_root_mean_squared_error,syntax_root_mean_squared_error,vocabulary_root_mean_squared_error,phraseology_root_mean_squared_error,grammar_root_mean_squared_error,conventions_root_mean_squared_error,val_loss,val_cohesion_loss,val_syntax_loss,val_vocabulary_loss,val_phraseology_loss,val_grammar_loss,val_conventions_loss,val_cohesion_root_mean_squared_error,val_syntax_root_mean_squared_error,val_vocabulary_root_mean_squared_error,val_phraseology_root_mean_squared_error,val_grammar_root_mean_squared_error,val_conventions_root_mean_squared_error,lr
0,0.6769022345542908,0.6128896474838257,0.7842760682106018,0.5486254692077637,0.7819623947143555,0.6371995210647583,0.6964605450630188,0.668760359287262,0.6974495649337769,0.6519054770469666,0.7101233601570129,0.6898932456970215,0.7154248952865601,0.34413039684295654,0.33558952808380127,0.3465926945209503,0.30258578062057495,0.3148306906223297,0.3995938003063202,0.36558985710144043,0.5310462117195129,0.5360642671585083,0.5080087184906006,0.5159998536109924,0.5734754800796509,0.5526202917098999,0.001
1,0.4056486189365387,0.38286375999450684,0.4088221490383148,0.3889668881893158,0.3964473307132721,0.44452792406082153,0.41226351261138916,0.5640848875045776,0.580429196357727,0.5675030946731567,0.5695689916610718,0.6017975211143494,0.5811880826950073,0.3614181876182556,0.3026655614376068,0.371237188577652,0.36897215247154236,0.3892940282821655,0.3756233751773834,0.36071673035621643,0.5097739100456238,0.5583086609840393,0.5578030943870544,0.5683954954147339,0.5611000657081604,0.5492868423461914,0.001
2,0.37949737906455994,0.36184677481651306,0.37677252292633057,0.37186282873153687,0.38736993074417114,0.39999768137931824,0.3791347146034241,0.5505601763725281,0.5617231726646423,0.5578611493110657,0.5687493681907654,0.5753895044326782,0.5635075569152832,0.4013945460319519,0.33776718378067017,0.36626261472702026,0.4144856631755829,0.30414557456970215,0.4774357080459595,0.508270800113678,0.5331668853759766,0.5538500547409058,0.587506115436554,0.5116857886314392,0.6272570490837097,0.6441009044647217,0.001
3,0.29175448417663574,0.30842140316963196,0.2847631871700287,0.2791759967803955,0.28181642293930054,0.2894335985183716,0.30691656470298767,0.51576167345047,0.4963470995426178,0.4925000071525574,0.4948563873767853,0.500176191329956,0.5136440396308899,0.3088288903236389,0.29739442467689514,0.2843080461025238,0.2971891462802887,0.2798437476158142,0.3255636990070343,0.3686746060848236,0.5050229430198669,0.4960586726665497,0.505149245262146,0.49314573407173157,0.5252082347869873,0.5537940859794617,0.00020000001
4,0.2897593677043915,0.29913949966430664,0.28361061215400696,0.2807767689228058,0.28669238090515137,0.28974828124046326,0.29858916997909546,0.510161280632019,0.4966886043548584,0.49507737159729004,0.49942153692245483,0.5022545456886292,0.5087224245071411,0.29527735710144043,0.29442912340164185,0.28492143750190735,0.2889827489852905,0.2793683707714081,0.3092605769634247,0.31470194458961487,0.5030466318130493,0.4963720738887787,0.49929898977279663,0.4927477240562439,0.5140777230262756,0.5170592069625854,0.00020000001
5,0.2842366695404053,0.29087334871292114,0.28338372707366943,0.27650415897369385,0.27923887968063354,0.28382834792137146,0.2915911376476288,0.5028835535049438,0.49592795968055725,0.4910667836666107,0.49254873394966125,0.4966021478176117,0.5028465390205383,0.31935760378837585,0.2937559187412262,0.3284427225589752,0.3176640272140503,0.28977444767951965,0.33086249232292175,0.35564544796943665,0.5027115941047668,0.5274892449378967,0.520209550857544,0.5009261965751648,0.5295187830924988,0.5464273691177368,0.00020000001
6,0.2806370258331299,0.28426259756088257,0.2794760763645172,0.27450069785118103,0.2755999267101288,0.27988865971565247,0.290093332529068,0.49806874990463257,0.49346184730529785,0.48960360884666443,0.4909951686859131,0.4932359457015991,0.5013911128044128,0.28687211871147156,0.28006190061569214,0.2848159372806549,0.28040191531181335,0.27654004096984863,0.29044070839881897,0.30897143483161926,0.4925001263618469,0.49568381905555725,0.4929090142250061,0.4901421070098877,0.5006957054138184,0.5134334564208984,0.00020000001
7,0.2914976179599762,0.29034626483917236,0.2973380386829376,0.28679248690605164,0.2874816060066223,0.2889815866947174,0.2980465590953827,0.5005846619606018,0.5062838792800903,0.49846556782722473,0.4984346032142639,0.5000372529029846,0.507307231426239,0.3489590883255005,0.3268135190010071,0.31716787815093994,0.33654481172561646,0.3369626998901367,0.33833155035972595,0.4379342198371887,0.5266363620758057,0.5195683240890503,0.5344234108924866,0.5351040959358215,0.5360967516899109,0.6031452417373657,0.00020000001
8,0.2872946560382843,0.28585052490234375,0.28834444284439087,0.28277191519737244,0.2810894846916199,0.286650687456131,0.29906150698661804,0.4981156885623932,0.49904054403305054,0.4945577383041382,0.4936693608760834,0.49760404229164124,0.5082019567489624,0.32198694348335266,0.29370924830436707,0.31948497891426086,0.31438252329826355,0.3023117482662201,0.3140472173690796,0.38798603415489197,0.5025256276130676,0.521696150302887,0.5188518166542053,0.5094782114028931,0.519253671169281,0.5687606930732727,0.00020000001
9,0.2711087465286255,0.2750844359397888,0.272439569234848,0.2660587430000305,0.2661554515361786,0.2699946463108063,0.27691975235939026,0.4907892942428589,0.48808446526527405,0.48298004269599915,0.48322010040283203,0.48608386516571045,0.49157869815826416,0.3762468993663788,0.3174697160720825,0.36248308420181274,0.38616475462913513,0.3628253936767578,0.3890555202960968,0.4394831359386444,0.5202877521514893,0.5525833368301392,0.5704114437103271,0.554054319858551,0.5726508498191833,0.6060168743133545,1e-04
10,0.2688136696815491,0.2728714048862457,0.26804667711257935,0.2636651396751404,0.26505550742149353,0.2677880823612213,0.27545520663261414,0.4882897138595581,0.4851666986942291,0.48135173320770264,0.4822096824645996,0.48438990116119385,0.4907543957233429,0.2784649729728699,0.2777586281299591,0.27925851941108704,0.271945059299469,0.2720699608325958,0.2760429084300995,0.2937147319316864,0.4909730851650238,0.49231475591659546,0.48704802989959717,0.48683762550354004,0.4904668629169464,0.5024577379226685,1e-04
11,0.26833146810531616,0.2709541916847229,0.269771933555603,0.26370808482170105,0.26415127515792847,0.2675411105155945,0.27386191487312317,0.48674434423446655,0.48536428809165955,0.4805913269519806,0.4808846414089203,0.4838723838329315,0.48870551586151123,0.2943032681941986,0.279438853263855,0.28942710161209106,0.29334557056427,0.28307417035102844,0.30032777786254883,0.3202051818370819,0.4924364387989044,0.4997604787349701,0.5032157301902771,0.49553531408309937,0.5088618397712708,0.5231357216835022,1e-04
12,0.26534372568130493,0.2689270079135895,0.26559650897979736,0.25995203852653503,0.2619292736053467,0.26348626613616943,0.27217066287994385,0.4850405156612396,0.48271435499191284,0.47782737016677856,0.47958269715309143,0.4801824390888214,0.48805367946624756,0.2790542244911194,0.27657121419906616,0.27768346667289734,0.27406710386276245,0.27208003401756287,0.28117385506629944,0.29274892807006836,0.4901565909385681,0.491111695766449,0.48874279856681824,0.48695725202560425,0.4945392608642578,0.5024540424346924,1e-04
13,0.2709673047065735,0.2716889977455139,0.27286142110824585,0.26663538813591003,0.26730406284332275,0.26889437437057495,0.2784196436405182,0.48857519030570984,0.4895312190055847,0.48493102192878723,0.48544391989707947,0.4866214394569397,0.49399787187576294,0.27889421582221985,0.28148913383483887,0.28524789214134216,0.27591782808303833,0.2752189636230469,0.27719056606292725,0.27830126881599426,0.4935643970966339,0.49696171283721924,0.4900875687599182,0.48904213309288025,0.4912828803062439,0.4909953773021698,1e-04
14,0.26544541120529175,0.2687939405441284,0.26368480920791626,0.26102420687675476,0.26299744844436646,0.2650841474533081,0.2710873484611511,0.4857679605484009,0.4819392263889313,0.47911277413368225,0.4807854890823364,0.48187804222106934,0.4870813488960266,0.28256160020828247,0.2802674472332001,0.27827709913253784,0.2785399556159973,0.27753546833992004,0.28646430373191833,0.29428479075431824,0.4930464029312134,0.4919663667678833,0.49258795380592346,0.4912664592266083,0.4991239607334137,0.5033130049705505,1e-04
15,0.2657548785209656,0.27027013897895813,0.26523733139038086,0.26137852668762207,0.26427534222602844,0.26435375213623047,0.2690145969390869,0.48641473054885864,0.4834006726741791,0.47979214787483215,0.4820554554462433,0.48182234168052673,0.4863516092300415,0.2750440537929535,0.2772746682167053,0.27955740690231323,0.27121731638908386,0.2729581296443939,0.272489994764328,0.2767663300037384,0.490729957818985,0.49271059036254883,0.48662206530570984,0.48757773637771606,0.48796793818473816,0.4901067316532135,1e-04
16,0.26928865909576416,0.27030327916145325,0.2727467119693756,0.2653324604034424,0.2663407325744629,0.26646628975868225,0.27454230189323425,0.4854256808757782,0.4872198700904846,0.48133015632629395,0.48211851716041565,0.48220160603523254,0.4888521730899811,0.2756262719631195,0.2746424376964569,0.2737423777580261,0.26890820264816284,0.2695828676223755,0.27285122871398926,0.29403042793273926,0.48883652687072754,0.488605797290802,0.48516222834587097,0.4852331578731537,0.48862791061401367,0.5034396052360535,1e-04
17,0.2686987817287445,0.2690012454986572,0.2695857286453247,0.2648877203464508,0.2660825848579407,0.26778656244277954,0.2748493552207947,0.48503923416137695,0.48611927032470703,0.48199644684791565,0.4827961027622223,0.48402056097984314,0.49041250348091125,0.2821509540081024,0.2775999903678894,0.2776165008544922,0.27633896470069885,0.27588269114494324,0.2820333242416382,0.3034344017505646,0.49125441908836365,0.49165070056915283,0.4910184144973755,0.49020296335220337,0.49583807587623596,0.5106889009475708,1e-04
18,0.2642548382282257,0.26516973972320557,0.2656879723072052,0.2603326737880707,0.26163724064826965,0.2630093991756439,0.2696917653083801,0.48190394043922424,0.48232167959213257,0.47801005840301514,0.4789976179599762,0.4801349341869354,0.48530271649360657,0.2750864326953888,0.2747311294078827,0.27253517508506775,0.2701075077056885,0.2712549567222595,0.27545836567878723,0.28643107414245605,0.4891023337841034,0.48783808946609497,0.4862702190876007,0.48670774698257446,0.49084287881851196,0.4980245530605316,1e-04
19,0.2610997259616852,0.26393523812294006,0.2606264054775238,0.25693270564079285,0.2594708502292633,0.2599234879016876,0.2657094895839691,0.48152315616607666,0.479649156332016,0.47619473934173584,0.4780336320400238,0.47834163904190063,0.48380452394485474,0.28997722268104553,0.279167115688324,0.27949631214141846,0.2840394675731659,0.2821492850780487,0.29145631194114685,0.323554664850235,0.492564857006073,0.4931536912918091,0.4968665540218353,0.4949835240840912,0.5029428601264954,0.5256489515304565,1e-04
20,0.2597329616546631,0.26230189204216003,0.26078495383262634,0.25581052899360657,0.2579047977924347,0.2586348056793213,0.26296013593673706,0.4801652729511261,0.47897765040397644,0.4747472405433655,0.47638005018234253,0.47704023122787476,0.4805346727371216,0.2885146737098694,0.28101128339767456,0.28432497382164,0.2828703224658966,0.2800563871860504,0.29098236560821533,0.31184184551239014,0.49398180842399597,0.49681153893470764,0.4960024058818817,0.4934333264827728,0.502594530582428,0.5171804428100586,1e-04
21,0.26193585991859436,0.2621791362762451,0.2631355822086334,0.25783154368400574,0.25868818163871765,0.2612050473690033,0.2685752809047699,0.47987818717956543,0.48118260502815247,0.4763692617416382,0.47700539231300354,0.4788760244846344,0.4846089482307434,0.29595819115638733,0.2855176329612732,0.2832050919532776,0.290912926197052,0.2883327603340149,0.3024158477783203,0.32536500692367554,0.4973413944244385,0.49595358967781067,0.5019561052322388,0.49957627058029175,0.5110103487968445,0.5270893573760986,1e-04
22,0.26120081543922424,0.2625894248485565,0.2624349296092987,0.2575545310974121,0.25923952460289,0.2602142095565796,0.2651718258857727,0.4809570908546448,0.48089781403541565,0.4767807126045227,0.47810330986976624,0.478845477104187,0.48259490728378296,0.27092063426971436,0.2728390395641327,0.2708214819431305,0.266205370426178,0.26795825362205505,0.26987800002098083,0.2778213322162628,0.48765698075294495,0.4864753186702728,0.48312199115753174,0.4840523898601532,0.486376017332077,0.4916931986808777,1e-04
23,0.26240336894989014,0.2650405466556549,0.2634921967983246,0.2587350308895111,0.2608335614204407,0.26129594445228577,0.26502278447151184,0.48269712924957275,0.4813394844532013,0.4779294729232788,0.47960400581359863,0.47993412613868713,0.4832964539527893,0.27050888538360596,0.27312785387039185,0.273639053106308,0.26709359884262085,0.2693903148174286,0.2688397765159607,0.2709624469280243,0.4878782331943512,0.4884773790836334,0.4836876392364502,0.485069215297699,0.4854390025138855,0.48620861768722534,1e-04
24,0.26064711809158325,0.26401299238204956,0.2616744339466095,0.25694864988327026,0.25919660925865173,0.25983768701553345,0.26221245527267456,0.48147231340408325,0.47941574454307556,0.47551462054252625,0.4774300456047058,0.47769761085510254,0.47911667823791504,0.27145957946777344,0.2770388722419739,0.2744859457015991,0.26676464080810547,0.26997435092926025,0.26852917671203613,0.27196410298347473,0.49067047238349915,0.4891063868999481,0.4834792912006378,0.48551806807518005,0.48522230982780457,0.4872634708881378,1e-04
25,0.2660388648509979,0.2654379606246948,0.2688812017440796,0.2623825669288635,0.2631371021270752,0.2641553282737732,0.27223876118659973,0.48167523741722107,0.48432591557502747,0.47924521565437317,0.47989699244499207,0.4806613624095917,0.48690909147262573,0.2734059691429138,0.2727069556713104,0.26949501037597656,0.26908811926841736,0.2701013684272766,0.27648836374282837,0.28255507349967957,0.4877564311027527,0.48556023836135864,0.4855545461177826,0.48593658208847046,0.49170583486557007,0.4954366683959961,1e-04
26,0.258698046207428,0.2588573098182678,0.2586607336997986,0.25525450706481934,0.25660455226898193,0.2580524682998657,0.26475831866264343,0.4769972562789917,0.4764350652694702,0.474394291639328,0.4754593074321747,0.4769545793533325,0.481857031583786,0.26951277256011963,0.2715446650981903,0.2696010172367096,0.2653828561306,0.2671608328819275,0.26908817887306213,0.27429893612861633,0.4867956340312958,0.48569566011428833,0.48255035281181335,0.4835072457790375,0.4858483076095581,0.48916202783584595,1e-04
27,0.2580743432044983,0.2579222321510315,0.2605937421321869,0.2544993758201599,0.25507986545562744,0.2565452456474304,0.2638058364391327,0.47656500339508057,0.4780968725681305,0.47371283173561096,0.4742215871810913,0.4755803048610687,0.4813493490219116,0.29996445775032043,0.28499090671539307,0.29690849781036377,0.2946643531322479,0.2887025475502014,0.3010607957839966,0.3334592282772064,0.4971645474433899,0.5062887668609619,0.5048827528953552,0.5000375509262085,0.510177731513977,0.5333345532417297,1e-04
28,0.26384371519088745,0.2654816508293152,0.26448339223861694,0.2603211998939514,0.2621183693408966,0.2624621093273163,0.2681950628757477,0.48225486278533936,0.481626033782959,0.47836148738861084,0.47971034049987793,0.48017454147338867,0.48466965556144714,0.28517600893974304,0.28533169627189636,0.2772309184074402,0.281878262758255,0.28241243958473206,0.29196733236312866,0.29223543405532837,0.49742698669433594,0.49161645770072937,0.49536973237991333,0.495357483625412,0.5034133195877075,0.5029856562614441,1e-04
29,0.25690343976020813,0.25866901874542236,0.25906166434288025,0.2534528374671936,0.2549823224544525,0.255332350730896,0.2599232792854309,0.4770555794239044,0.47777968645095825,0.4731523394584656,0.47425001859664917,0.4746581017971039,0.4785435199737549,0.2694604694843292,0.2702644169330597,0.26843610405921936,0.2656506299972534,0.26661187410354614,0.2701006233692169,0.27569952607154846,0.4859573543071747,0.48481377959251404,0.48289355635643005,0.4832332730293274,0.4867767095565796,0.49041134119033813,1e-04
30,0.2564714848995209,0.2582032084465027,0.2579801678657532,0.25311243534088135,0.25460073351860046,0.25520333647727966,0.25972962379455566,0.47683998942375183,0.47705987095832825,0.47279566526412964,0.47397860884666443,0.4743150472640991,0.477967232465744,0.2838612198829651,0.2801740765571594,0.2802444100379944,0.2802850306034088,0.2784925699234009,0.2882665991783142,0.29570499062538147,0.493587851524353,0.4939139783382416,0.49417686462402344,0.49242934584617615,0.5006592869758606,0.50566166639328,1e-04
31,0.25383812189102173,0.25527626276016235,0.25563356280326843,0.2503342628479004,0.25202247500419617,0.2521204650402069,0.2576415538787842,0.4741886854171753,0.4740919768810272,0.4701226055622101,0.4715573489665985,0.47165223956108093,0.47586315870285034,0.27466529607772827,0.2714397609233856,0.27032849192619324,0.2706325352191925,0.2700049579143524,0.2769685387611389,0.28861773014068604,0.48694008588790894,0.48630669713020325,0.48685699701309204,0.48599475622177124,0.4921621084213257,0.5003417134284973,1e-04
32,0.2584508955478668,0.2596578896045685,0.25782716274261475,0.2552810609340668,0.25683698058128357,0.25836870074272156,0.2627335488796234,0.47775009274482727,0.4759500324726105,0.4739546775817871,0.4753398597240448,0.4763864576816559,0.479437917470932,0.2938978672027588,0.28509458899497986,0.28814396262168884,0.2901107668876648,0.2860596179962158,0.2997068464756012,0.3142714500427246,0.49732810258865356,0.4998803734779358,0.5015559196472168,0.49814072251319885,0.5091884136199951,0.519515335559845,1e-04
33,0.2596014142036438,0.26039600372314453,0.2602108120918274,0.2565213739871979,0.25784605741500854,0.258851557970047,0.26378312706947327,0.4779582619667053,0.4779439866542816,0.4752531945705414,0.47628602385520935,0.4769872725009918,0.48126980662345886,0.29974365234375,0.2899518311023712,0.2888485789299011,0.2962417006492615,0.2923702299594879,0.3083493709564209,0.32270005345344543,0.5009219646453857,0.5004344582557678,0.5060911178588867,0.5027820467948914,0.5155600905418396,0.5256525278091431,1e-04
34,0.2548913359642029,0.257814884185791,0.25533580780029297,0.2518047094345093,0.25402018427848816,0.2538873255252838,0.2564859390258789,0.4758610725402832,0.4742708206176758,0.4712940752506256,0.4730023741722107,0.4728600084781647,0.47542405128479004,0.30341866612434387,0.2994093596935272,0.2939971685409546,0.3004467785358429,0.2974972426891327,0.3145371973514557,0.3146236836910248,0.507940948009491,0.5042568445205688,0.5092145800590515,0.5065491795539856,0.5200945734977722,0.5197539925575256,1e-04
35,0.2594480812549591,0.2602134346961975,0.2601096034049988,0.2562350928783417,0.2579953968524933,0.2577837407588959,0.26435112953186035,0.47811150550842285,0.4769192337989807,0.47475770115852356,0.476323664188385,0.4763924777507782,0.4808388650417328,0.2680859863758087,0.26935189962387085,0.2668841779232025,0.26495078206062317,0.2660139203071594,0.270429402589798,0.27088579535484314,0.48533308506011963,0.4836164116859436,0.4823606312274933,0.48282116651535034,0.48704540729522705,0.48678267002105713,1e-04
36,0.25625330209732056,0.2579723298549652,0.25798726081848145,0.25329428911209106,0.2543252110481262,0.25594404339790344,0.2579960525035858,0.4768938720226288,0.47620654106140137,0.47319668531417847,0.4740942120552063,0.4756017327308655,0.4770664572715759,0.3722359240055084,0.34612974524497986,0.351386696100235,0.36902421712875366,0.359784334897995,0.3845125436782837,0.42257797718048096,0.5425387620925903,0.5464837551116943,0.5594442486763,0.5524620413780212,0.5706776976585388,0.5966894626617432,1e-04
37,0.2583559453487396,0.26171424984931946,0.25771090388298035,0.25557923316955566,0.25821980834007263,0.2577016055583954,0.25920915603637695,0.47904929518699646,0.47581714391708374,0.4739699065685272,0.47613823413848877,0.4757216274738312,0.47667989134788513,0.30136483907699585,0.31638574600219727,0.30343207716941833,0.2986578345298767,0.30898308753967285,0.29326650500297546,0.28746354579925537,0.5190004706382751,0.5099269151687622,0.5063732862472534,0.5136690735816956,0.502411961555481,0.49847596883773804,1e-04
38,0.2591503858566284,0.25909215211868286,0.26221808791160583,0.25584647059440613,0.2567235827445984,0.25688818097114563,0.26413363218307495,0.47725772857666016,0.47978267073631287,0.4746137261390686,0.4753202795982361,0.4753754138946533,0.4809407889842987,0.26724234223365784,0.26874053478240967,0.2664830982685089,0.2637306749820709,0.2648441195487976,0.26749101281166077,0.27216464281082153,0.4847782850265503,0.4834659993648529,0.48134419322013855,0.4818016588687897,0.48465195298194885,0.4877413511276245,1e-04
39,0.2574370801448822,0.258155882358551,0.25895798206329346,0.2544465661048889,0.255204975605011,0.2568800449371338,0.26097697019577026,0.476976603269577,0.4775750935077667,0.47385671734809875,0.47455382347106934,0.47570693492889404,0.47880667448043823,0.27172181010246277,0.26977357268333435,0.2664533257484436,0.2677884101867676,0.2685984969139099,0.27754801511764526,0.28016841411590576,0.4857102036476135,0.48333990573883057,0.48462772369384766,0.484851211309433,0.49251455068588257,0.4938318431377411,1e-04
40,0.2585412263870239,0.26003795862197876,0.26126495003700256,0.2553631365299225,0.25624656677246094,0.25726285576820374,0.26107147336006165,0.4778086841106415,0.47901037335395813,0.4742709994316101,0.4749285876750946,0.47579634189605713,0.47875624895095825,0.27713942527770996,0.2750484049320221,0.27347078919410706,0.2742340862751007,0.2725261449813843,0.2830817699432373,0.28447526693344116,0.48984894156455994,0.4891040027141571,0.4896298050880432,0.4879145324230194,0.49672532081604004,0.49725252389907837,1e-04
41,0.2539965808391571,0.25350767374038696,0.2569340765476227,0.25108176469802856,0.25141316652297974,0.25204479694366455,0.25899702310562134,0.47231724858283997,0.4757775366306305,0.47068482637405396,0.4707348644733429,0.47132235765457153,0.4774910509586334,0.291300892829895,0.28656473755836487,0.27914977073669434,0.28865301609039307,0.2868530750274658,0.30177444219589233,0.30481016635894775,0.49851784110069275,0.49340736865997314,0.5004746913909912,0.4986822307109833,0.5107018947601318,0.5125468373298645,1e-04
42,0.25634291768074036,0.25929826498031616,0.25736790895462036,0.2535892724990845,0.2556913197040558,0.25514858961105347,0.2569614350795746,0.47806504368782043,0.47647222876548767,0.47362661361694336,0.47527119517326355,0.47501617670059204,0.4760276675224304,0.2747526466846466,0.26904550194740295,0.2697908580303192,0.27086278796195984,0.2688463032245636,0.27701377868652344,0.2929566502571106,0.4851910173892975,0.4862283766269684,0.48706161975860596,0.485090047121048,0.4921347200870514,0.503705620765686,1e-04
43,0.2516261637210846,0.2530006170272827,0.25292304158210754,0.24890382587909698,0.25015491247177124,0.2506875693798065,0.254086971282959,0.4724494218826294,0.4729251563549042,0.4690696895122528,0.47004151344299316,0.47012150287628174,0.4728715717792511,0.27563124895095825,0.27382442355155945,0.27006804943084717,0.2729697823524475,0.2720221281051636,0.28169316053390503,0.28321027755737305,0.48889270424842834,0.48644962906837463,0.4886311888694763,0.48749181628227234,0.49562913179397583,0.4962694048881531,1e-04
44,0.24992619454860687,0.2502465844154358,0.25090664625167847,0.24729377031326294,0.24829092621803284,0.24905188381671906,0.25376853346824646,0.4700298607349396,0.4710826575756073,0.46799081563949585,0.4686632752418518,0.4692705273628235,0.473543643951416,0.2654065489768982,0.26770633459091187,0.26501816511154175,0.2627631425857544,0.26428404450416565,0.265494704246521,0.2671724855899811,0.4839583933353424,0.48232242465019226,0.48050838708877563,0.4813084900379181,0.48294222354888916,0.483818382024765,1e-04
45,0.25314199924468994,0.25428977608680725,0.2548563480377197,0.2504129409790039,0.2513938248157501,0.2523719072341919,0.2555263340473175,0.47359445691108704,0.4740919768810272,0.4704829156398773,0.47123339772224426,0.4720726013183594,0.4746123254299164,0.2732795178890228,0.26922574639320374,0.2673901319503784,0.26991763710975647,0.2684513032436371,0.27810922265052795,0.2865831255912781,0.4853677749633789,0.48433756828308105,0.48634570837020874,0.48480159044265747,0.4929605722427368,0.4989373981952667,1e-04
46,0.2529848515987396,0.2538558840751648,0.25347188115119934,0.2502930760383606,0.25157487392425537,0.25220417976379395,0.25650858879089355,0.4731629192829132,0.47330981492996216,0.47064781188964844,0.47152990102767944,0.4721938371658325,0.4759026765823364,0.2651521861553192,0.2672131657600403,0.26726725697517395,0.26229554414749146,0.263790100812912,0.2650972306728363,0.26524966955184937,0.4836375117301941,0.48381197452545166,0.4801637828350067,0.4809718430042267,0.4826998710632324,0.4823097288608551,1e-04
47,0.26057010889053345,0.26206958293914795,0.26238471269607544,0.25776687264442444,0.25895899534225464,0.25992918014526367,0.26231062412261963,0.4793030917644501,0.47897857427597046,0.4755840301513672,0.47656428813934326,0.47760698199272156,0.478468120098114,0.26542142033576965,0.26671990752220154,0.26455551385879517,0.26261767745018005,0.2635330259799957,0.26602187752723694,0.2690802812576294,0.4832441210746765,0.4820108413696289,0.48044553399086,0.4807504117488861,0.4834347367286682,0.4853891432285309,1e-04
48,0.2540864944458008,0.2551683783531189,0.25608208775520325,0.2514062523841858,0.2524588108062744,0.25294896960258484,0.2564537525177002,0.47399410605430603,0.4752742052078247,0.47119051218032837,0.47187569737434387,0.4724104404449463,0.4752645194530487,0.29578855633735657,0.2872450351715088,0.2923455536365509,0.2929329574108124,0.2883897125720978,0.300856351852417,0.3129618763923645,0.4990648031234741,0.5033933520317078,0.5037019848823547,0.49986663460731506,0.5099828243255615,0.5186547636985779,1e-04
49,0.25144895911216736,0.25330349802970886,0.25351423025131226,0.24886013567447662,0.2499275654554367,0.25061315298080444,0.2524735927581787,0.4731380045413971,0.47343194484710693,0.46953248977661133,0.47047916054725647,0.4707111418247223,0.4724423289299011,0.2950674593448639,0.2890917956829071,0.2804350256919861,0.2929302453994751,0.2915688157081604,0.3050764501094818,0.31130173802375793,0.5004363656044006,0.49444445967674255,0.5037105679512024,0.50223308801651,0.5131288766860962,0.5174556970596313,1e-04
50,0.24916374683380127,0.2501768469810486,0.2505270838737488,0.24661582708358765,0.24744538962841034,0.24850994348526,0.25170737504959106,0.4709217846393585,0.47189420461654663,0.46842148900032043,0.4688865840435028,0.46974289417266846,0.4726928770542145,0.2762547731399536,0.271860271692276,0.272004634141922,0.273607462644577,0.27196428179740906,0.2792932689189911,0.28879866003990173,0.4873758554458618,0.4879642128944397,0.48909181356430054,0.4874345660209656,0.4937390387058258,0.5006011128425598,1e-04
51,0.25123870372772217,0.2525954246520996,0.2512812614440918,0.2488558292388916,0.2501901090145111,0.2508876919746399,0.2536216378211975,0.4709784984588623,0.4700477719306946,0.4680376648902893,0.46902838349342346,0.469759076833725,0.472211629152298,0.27045756578445435,0.27132242918014526,0.26852351427078247,0.26842138171195984,0.26873520016670227,0.27284303307533264,0.2728997766971588,0.48696431517601013,0.48526185750961304,0.48510825634002686,0.48496484756469727,0.4888193607330322,0.48842760920524597,1e-04
52,0.2564517855644226,0.25649529695510864,0.25953590869903564,0.2537583112716675,0.2542389929294586,0.2554336190223694,0.2592485249042511,0.4759453535079956,0.4780631363391876,0.4736567437648773,0.47416380047798157,0.4749126136302948,0.47765812277793884,0.2658421993255615,0.2657542824745178,0.26350298523902893,0.263202965259552,0.2634444236755371,0.2685653865337372,0.2705833613872528,0.4825769066810608,0.4811334013938904,0.4809890389442444,0.480779767036438,0.48549574613571167,0.48665639758110046,1e-04
53,0.24943211674690247,0.24923157691955566,0.2516629993915558,0.2467876374721527,0.24728596210479736,0.24804972112178802,0.2535746693611145,0.4696454107761383,0.47217756509780884,0.4677310287952423,0.4680611193180084,0.4686068594455719,0.4733099937438965,0.26546627283096313,0.269207626581192,0.2685050964355469,0.26268503069877625,0.26476603746414185,0.26365432143211365,0.26397889852523804,0.48482808470726013,0.4845598340034485,0.4802539646625519,0.48150384426116943,0.48134034872055054,0.4812636077404022,1e-04
54,0.2468053698539734,0.2473452091217041,0.24829399585723877,0.24445174634456635,0.24505944550037384,0.24625182151794434,0.2494310885667801,0.46723830699920654,0.4685049057006836,0.46515506505966187,0.4654390811920166,0.4666636288166046,0.46958521008491516,0.26347625255584717,0.2652653157711029,0.26279571652412415,0.2613760530948639,0.262711763381958,0.26440533995628357,0.26430344581604004,0.4821465015411377,0.48061197996139526,0.47944679856300354,0.48012804985046387,0.48211151361465454,0.4816320836544037,1e-04
55,0.2515281140804291,0.25278058648109436,0.25191035866737366,0.24927116930484772,0.2502916157245636,0.25134947896003723,0.2535650134086609,0.4716838598251343,0.4717351198196411,0.4689922034740448,0.46972718834877014,0.47052010893821716,0.47249501943588257,0.2773924767971039,0.27330848574638367,0.2846088111400604,0.2742927074432373,0.2708542048931122,0.2778138220310211,0.2834768295288086,0.4885050654411316,0.4976102113723755,0.48964357376098633,0.4866366982460022,0.49262771010398865,0.49669545888900757,1e-04
56,0.2482547163963318,0.2508605122566223,0.24835556745529175,0.2460043579339981,0.24783839285373688,0.24760523438453674,0.24886378645896912,0.4698611795902252,0.46897685527801514,0.46639901399612427,0.4676086902618408,0.46754008531570435,0.46892935037612915,0.2830769121646881,0.2816474139690399,0.2718985974788666,0.28137195110321045,0.2820034325122833,0.29046520590782166,0.2910744547843933,0.49482572078704834,0.48788803815841675,0.49500036239624023,0.49508532881736755,0.5021625757217407,0.5024542212486267,1e-04
57,0.24840213358402252,0.2495989054441452,0.24983498454093933,0.24606260657310486,0.24721042811870575,0.24727840721607208,0.2504276931285858,0.47001218795776367,0.470034658908844,0.46722495555877686,0.46811550855636597,0.4684450626373291,0.47071895003318787,0.27011725306510925,0.267755389213562,0.26609328389167786,0.2677704393863678,0.2668049931526184,0.27369192242622375,0.27858766913414,0.4841833710670471,0.4833654761314392,0.48461902141571045,0.48349717259407043,0.48945894837379456,0.49292728304862976,1e-04
58,0.250528484582901,0.2523424029350281,0.25223082304000854,0.24826999008655548,0.24970749020576477,0.24924424290657043,0.25137653946876526,0.4721578061580658,0.47163546085357666,0.4684843420982361,0.46980029344558716,0.4693053066730499,0.47040683031082153,0.2679654359817505,0.2662419378757477,0.265541136264801,0.26549622416496277,0.26480695605278015,0.27029016613960266,0.2754158675670624,0.4829655587673187,0.48280495405197144,0.48282551765441895,0.4819053113460541,0.48681825399398804,0.49048492312431335,1e-04
59,0.25744977593421936,0.2585779130458832,0.25870731472969055,0.25505247712135315,0.25605741143226624,0.2566324472427368,0.25967177748680115,0.4774295389652252,0.4770832359790802,0.4743826389312744,0.4752497375011444,0.47569918632507324,0.477958083152771,0.26314276456832886,0.26465824246406555,0.2641262710094452,0.2610737383365631,0.26212751865386963,0.2633640170097351,0.263506680727005,0.48170989751815796,0.48143723607063293,0.4792000353336334,0.47972336411476135,0.48125603795051575,0.48096778988838196,1e-04
60,0.25031325221061707,0.25202494859695435,0.25239434838294983,0.24805369973182678,0.24912072718143463,0.24927549064159393,0.2510105073451996,0.47274258732795715,0.4723191559314728,0.4692250192165375,0.4702725112438202,0.4702850580215454,0.4710334241390228,0.26979389786720276,0.26786941289901733,0.2659611701965332,0.26768988370895386,0.26715096831321716,0.2726489305496216,0.2774425446987152,0.48426690697669983,0.4832414388656616,0.48453330993652344,0.4837552309036255,0.4886077642440796,0.4920458197593689,1e-04
61,0.24943484365940094,0.25087809562683105,0.24971283972263336,0.24727444350719452,0.2485399842262268,0.2492283135652542,0.250975102186203,0.46942800283432007,0.4684998393058777,0.4668251574039459,0.4677181541919708,0.46861448884010315,0.4702647626399994,0.2858348488807678,0.2810881733894348,0.28153353929519653,0.28363505005836487,0.2802514433860779,0.29262247681617737,0.29587864875793457,0.49437952041625977,0.49522772431373596,0.49668583273887634,0.4937608242034912,0.5037641525268555,0.5061344504356384,1e-04
62,0.24590902030467987,0.2454356849193573,0.2464420646429062,0.24389590322971344,0.2440808117389679,0.2458445131778717,0.24975505471229553,0.46631523966789246,0.46683886647224426,0.4648703932762146,0.4651249051094055,0.4664461612701416,0.46933603286743164,0.29460608959198,0.2871481478214264,0.28987595438957214,0.29247042536735535,0.288904070854187,0.29929473996162415,0.3099435567855835,0.4988977015018463,0.5015398859977722,0.5033526420593262,0.5002403259277344,0.5087320804595947,0.5166348218917847,1e-04
63,0.24739225208759308,0.24816228449344635,0.24853262305259705,0.2453942894935608,0.2460968792438507,0.24696804583072662,0.2491987645626068,0.4688120186328888,0.46925145387649536,0.46657946705818176,0.46714508533477783,0.46782517433166504,0.46955564618110657,0.2686907947063446,0.2648315131664276,0.2654603123664856,0.2658562660217285,0.26470693945884705,0.26905474066734314,0.2822352349758148,0.48189717531204224,0.48285630345344543,0.48314204812049866,0.48189523816108704,0.48585575819015503,0.4958442747592926,1e-04
64,0.24883057177066803,0.25012320280075073,0.24934695661067963,0.2467525601387024,0.24782754480838776,0.24843421578407288,0.25049862265586853,0.4703703224658966,0.47026586532592773,0.46790727972984314,0.4686216711997986,0.4693245589733124,0.47129613161087036,0.2626192271709442,0.26400941610336304,0.2624523341655731,0.2606571316719055,0.2616523802280426,0.26350343227386475,0.26343995332717896,0.4811478853225708,0.4801323413848877,0.47884824872016907,0.47932368516921997,0.4813496470451355,0.48102858662605286,1e-04
65,0.2515917122364044,0.25203999876976013,0.25244060158729553,0.24946515262126923,0.2501427233219147,0.25133225321769714,0.2541295886039734,0.4707084894180298,0.47159844636917114,0.46897050738334656,0.4693865180015564,0.4703671932220459,0.4730681777000427,0.2716151475906372,0.26813122630119324,0.26709383726119995,0.2694966495037079,0.2685258388519287,0.27403923869132996,0.2824038863182068,0.4844631552696228,0.48406264185905457,0.48590517044067383,0.4848322570323944,0.4896208941936493,0.49591314792633057,1e-04
66,0.24851809442043304,0.25089940428733826,0.2489287257194519,0.2465851753950119,0.24822911620140076,0.24778686463832855,0.24867914617061615,0.47083210945129395,0.46989598870277405,0.4677732288837433,0.4688442349433899,0.46878117322921753,0.4700614809989929,0.27775710821151733,0.2786254584789276,0.27983924746513367,0.2760620415210724,0.2787047326564789,0.2733173370361328,0.27999410033226013,0.49149855971336365,0.49276065826416016,0.4898466169834137,0.49152880907058716,0.48798811435699463,0.4928177297115326,1e-04
67,0.24793539941310883,0.24910978972911835,0.2485201507806778,0.24590878188610077,0.2469777911901474,0.24760733544826508,0.24948818981647491,0.4702717363834381,0.46948131918907166,0.467704713344574,0.46862295269966125,0.4692156910896301,0.47055962681770325,0.2633715867996216,0.2654111683368683,0.26376524567604065,0.26071032881736755,0.2622349262237549,0.26566097140312195,0.2624463438987732,0.48233315348625183,0.4809805750846863,0.47893112897872925,0.4798787832260132,0.48312243819236755,0.48012638092041016,1e-04
68,0.2471921294927597,0.24723021686077118,0.25005361437797546,0.2450898140668869,0.2454485446214676,0.24558985233306885,0.24974100291728973,0.4675913453102112,0.4698762893676758,0.4656096398830414,0.46599602699279785,0.46590182185173035,0.46887442469596863,0.2628708481788635,0.2638806104660034,0.2613205909729004,0.2610683739185333,0.2619367241859436,0.26460903882980347,0.2644098401069641,0.4810969829559326,0.47931259870529175,0.4792196452617645,0.47960367798805237,0.4822354316711426,0.48190146684646606,1e-04
69,0.24710503220558167,0.24665570259094238,0.24937249720096588,0.24507330358028412,0.24520359933376312,0.24611330032348633,0.25021082162857056,0.4671468436717987,0.4696831703186035,0.4660065770149231,0.4660246670246124,0.4667717516422272,0.4703435003757477,0.26179245114326477,0.2633092701435089,0.26121339201927185,0.2601359486579895,0.2611025273799896,0.262456476688385,0.2625363767147064,0.48060762882232666,0.47920963168144226,0.47843191027641296,0.4789104461669922,0.4804728627204895,0.4803560972213745,1e-04
70,0.24761076271533966,0.248243510723114,0.24968458712100983,0.24570314586162567,0.24642689526081085,0.24634739756584167,0.24925902485847473,0.46878525614738464,0.47032564878463745,0.4667062759399414,0.4672784209251404,0.4669497609138489,0.4694514274597168,0.26685047149658203,0.2724209725856781,0.2735178470611572,0.2636849582195282,0.2659876346588135,0.26306048035621643,0.262430340051651,0.4869410991668701,0.4878937005996704,0.48080161213874817,0.4822787046432495,0.48062026500701904,0.48011690378189087,1e-04
71,0.24619127810001373,0.24718166887760162,0.24796843528747559,0.24424822628498077,0.24508526921272278,0.24503448605537415,0.2476292997598648,0.46778663992881775,0.4688156843185425,0.46572595834732056,0.4662511944770813,0.4664003849029541,0.46877360343933105,0.2652604877948761,0.2638308107852936,0.26201844215393066,0.26324158906936646,0.2630845606327057,0.26669827103614807,0.27268916368484497,0.48101967573165894,0.48000067472457886,0.48097556829452515,0.48054778575897217,0.4838574230670929,0.48841139674186707,1e-04
72,0.245025172829628,0.24593888223171234,0.24566122889518738,0.24314524233341217,0.2439560741186142,0.2445712685585022,0.2468777894973755,0.4676453173160553,0.4669131934642792,0.46499595046043396,0.46586838364601135,0.4661526083946228,0.4673899710178375,0.2694191336631775,0.27233612537384033,0.2699393630027771,0.26790714263916016,0.2703655958175659,0.2674647867679596,0.2685014009475708,0.48685309290885925,0.48533836007118225,0.4838041365146637,0.48539578914642334,0.4836609661579132,0.4842660129070282,1e-04
73,0.2432928830385208,0.24419468641281128,0.24427878856658936,0.2414785623550415,0.24231910705566406,0.24265295267105103,0.24483220279216766,0.46659424901008606,0.46668916940689087,0.46404358744621277,0.4648421108722687,0.46477147936820984,0.46615666151046753,0.2617765963077545,0.26260608434677124,0.2610156536102295,0.2598315477371216,0.26062482595443726,0.26253390312194824,0.2640477120876312,0.4800582528114319,0.4789745509624481,0.47823184728622437,0.47859063744544983,0.4806012809276581,0.48174697160720825,1e-04
74,0.24756768345832825,0.2474919557571411,0.2484072595834732,0.24573048949241638,0.24607208371162415,0.2471819519996643,0.2505228817462921,0.46819981932640076,0.46873220801353455,0.46634963154792786,0.46682268381118774,0.4674220681190491,0.4698401987552643,0.27708426117897034,0.2699635326862335,0.2698283791542053,0.2749480903148651,0.2729165852069855,0.2800408601760864,0.2948077619075775,0.48593929409980774,0.48624780774116516,0.4901352524757385,0.48829495906829834,0.49418845772743225,0.5055460929870605,1e-04
75,0.24651385843753815,0.24770592153072357,0.24710263311862946,0.2447017878293991,0.2455950379371643,0.24635514616966248,0.24762238562107086,0.46761053800582886,0.4673364758491516,0.46519631147384644,0.4658726155757904,0.466434508562088,0.4675678312778473,0.26203376054763794,0.2627396285533905,0.26053109765052795,0.2603036165237427,0.2609296441078186,0.26279646158218384,0.2649024426937103,0.4801340699195862,0.47871166467666626,0.47856491804122925,0.47879886627197266,0.48069819808006287,0.48232051730155945,1e-04
76,0.24789535999298096,0.24833188951015472,0.24815969169139862,0.24614217877388,0.24669939279556274,0.2477666288614273,0.25027209520339966,0.46910762786865234,0.4698207378387451,0.46783649921417236,0.46804317831993103,0.46907415986061096,0.47161611914634705,0.2720656991004944,0.26518768072128296,0.27061352133750916,0.2693465054035187,0.2666439414024353,0.27165481448173523,0.28894728422164917,0.48217710852622986,0.4868841767311096,0.4858013093471527,0.48343396186828613,0.48774412274360657,0.5010578036308289,1e-04
77,0.24401096999645233,0.24588543176651,0.24464502930641174,0.24230319261550903,0.2436981201171875,0.24319139122962952,0.24434249103069305,0.4667204022407532,0.465331107378006,0.4635457992553711,0.46484649181365967,0.4642733335494995,0.46496057510375977,0.2984718978404999,0.29104214906692505,0.2846499979496002,0.2969840466976166,0.29364442825317383,0.30988699197769165,0.31462377309799194,0.5017973780632019,0.4975627064704895,0.5067964196205139,0.5039295554161072,0.5165939331054688,0.5203231573104858,1e-04
78,0.2452183961868286,0.24642959237098694,0.24611477553844452,0.2433973252773285,0.2444000393152237,0.24453940987586975,0.24643003940582275,0.46771612763404846,0.4671891927719116,0.4651057720184326,0.4659711420536041,0.46614253520965576,0.46736904978752136,0.2615915834903717,0.26260319352149963,0.2639470398426056,0.2596639096736908,0.2605894207954407,0.261229544878006,0.2615165114402771,0.47995373606681824,0.4809492826461792,0.4779626429080963,0.4784783124923706,0.47942161560058594,0.47945377230644226,1e-04
79,0.2438277006149292,0.2439035177230835,0.2450237274169922,0.24223406612873077,0.24256829917430878,0.24328337609767914,0.24595369398593903,0.46529772877693176,0.46648329496383667,0.4641393721103668,0.46429532766342163,0.46505007147789,0.46736642718315125,0.2613065540790558,0.26218181848526,0.2599417567253113,0.25969675183296204,0.26040613651275635,0.26215070486068726,0.2634621560573578,0.4796614944934845,0.47816139459609985,0.478056401014328,0.4783666133880615,0.48016005754470825,0.4811929762363434,1e-04
80,0.24810637533664703,0.24838700890541077,0.24957755208015442,0.24640442430973053,0.24691073596477509,0.2471664547920227,0.2501923143863678,0.46868008375167847,0.4691769480705261,0.46710115671157837,0.46751222014427185,0.4679121673107147,0.47006359696388245,0.29402992129325867,0.2895999550819397,0.2803957760334015,0.29282146692276,0.29193416237831116,0.30321863293647766,0.3062097728252411,0.5008124709129333,0.494205117225647,0.5038011074066162,0.5027986168861389,0.5118720531463623,0.5142941474914551,1e-04
81,0.24733753502368927,0.24844197928905487,0.24796439707279205,0.24569934606552124,0.2465764880180359,0.24688132107257843,0.24846208095550537,0.4694734513759613,0.46848633885383606,0.46708789467811584,0.46793320775032043,0.46818459033966064,0.4691312611103058,0.266105979681015,0.2722111940383911,0.2675175666809082,0.2639668583869934,0.26680031418800354,0.2640845477581024,0.2620554268360138,0.48677000403404236,0.48348909616470337,0.4810328185558319,0.48290565609931946,0.4813302159309387,0.47995835542678833,1e-04
82,0.25056445598602295,0.25212058424949646,0.25044718384742737,0.2489520013332367,0.2501453757286072,0.25042495131492615,0.2512962818145752,0.4724021852016449,0.470892071723938,0.4698978662490845,0.4709068238735199,0.4710659980773926,0.4717208445072174,0.31153082847595215,0.29939207434654236,0.2977224886417389,0.30995234847068787,0.3051030933856964,0.3213489055633545,0.3356660306453705,0.5080440640449524,0.5073405504226685,0.5165121555328369,0.5125577449798584,0.5250806212425232,0.5359063148498535,1e-04
83,0.24719414114952087,0.24757114052772522,0.24867568910121918,0.24550378322601318,0.24602842330932617,0.24641813337802887,0.24896730482578278,0.4682900905609131,0.4688502550125122,0.4666524827480316,0.4670594036579132,0.46766239404678345,0.4695873260498047,0.2667425572872162,0.26786261796951294,0.26213538646698,0.2655181288719177,0.2662753760814667,0.27045178413391113,0.26821210980415344,0.4842180609703064,0.4800647795200348,0.4827730357646942,0.48311302065849304,0.4867510199546814,0.485061377286911,1e-04
84,0.24472786486148834,0.24554839730262756,0.24497459828853607,0.24318544566631317,0.24382884800434113,0.2445409893989563,0.2462887316942215,0.46589887142181396,0.46556323766708374,0.4638729393482208,0.4644136428833008,0.4649890661239624,0.4662545919418335,0.2675515413284302,0.26431599259376526,0.26257145404815674,0.2657591700553894,0.2646149694919586,0.2710994482040405,0.27694785594940186,0.4814126789569855,0.4803887903690338,0.4829474687576294,0.48180440068244934,0.48723718523979187,0.49185827374458313,1e-04
85,0.246058389544487,0.24736475944519043,0.2464684098958969,0.24448001384735107,0.24553687870502472,0.24547940492630005,0.24702098965644836,0.4675273597240448,0.46687495708465576,0.4651925265789032,0.46604666113853455,0.4659394323825836,0.4672909677028656,0.26114505529403687,0.2615840435028076,0.26289093494415283,0.25917890667915344,0.2600308358669281,0.2616864740848541,0.26149922609329224,0.4791969656944275,0.4800833761692047,0.4776305556297302,0.4781024158000946,0.47981902956962585,0.4796234965324402,1e-04
86,0.24646027386188507,0.24593433737754822,0.2482639104127884,0.2448684722185135,0.24488595128059387,0.24570991098880768,0.24909861385822296,0.46667683124542236,0.46848613023757935,0.46574366092681885,0.4657849371433258,0.46651777625083923,0.4691202938556671,0.2664569914340973,0.26920604705810547,0.2685376703739166,0.26498672366142273,0.2666952908039093,0.2645609378814697,0.2647551894187927,0.48448923230171204,0.4841245710849762,0.48163115978240967,0.48271384835243225,0.4815014898777008,0.48166221380233765,1e-04
87,0.24368418753147125,0.2441871017217636,0.24456031620502472,0.24214662611484528,0.24273845553398132,0.24294860661029816,0.24552372097969055,0.465580016374588,0.46618109941482544,0.46395209431648254,0.46439066529273987,0.46446722745895386,0.4668589234352112,0.2816866338253021,0.2842504382133484,0.26642513275146484,0.28081801533699036,0.28382018208503723,0.29145652055740356,0.28334927558898926,0.49678072333335876,0.48346298933029175,0.49463775753974915,0.49664294719696045,0.5029456615447998,0.49696990847587585,1e-04
88,0.2423412948846817,0.2424641251564026,0.24253344535827637,0.2407243251800537,0.24108169972896576,0.24227404594421387,0.24496935307979584,0.46380263566970825,0.4644234776496887,0.4624328017234802,0.462696373462677,0.4634082615375519,0.46586185693740845,0.2616548538208008,0.26320305466651917,0.2622816562652588,0.2603207230567932,0.26143038272857666,0.26103508472442627,0.2616579532623291,0.4801810681819916,0.4795425832271576,0.4782637357711792,0.4789247214794159,0.47901859879493713,0.47944748401641846,1e-04
89,0.24621854722499847,0.24652019143104553,0.24694319069385529,0.2446155548095703,0.2451428920030594,0.24567849934101105,0.24841096997261047,0.4669550657272339,0.4673563838005066,0.4654097259044647,0.46582624316215515,0.46622875332832336,0.4684314727783203,0.26366370916366577,0.26282018423080444,0.26000717282295227,0.2622489929199219,0.2622886896133423,0.266217976808548,0.26839855313301086,0.4801742136478424,0.4782238006591797,0.48012810945510864,0.47992706298828125,0.48338252305984497,0.48518043756484985,1e-04
90,0.24689964950084686,0.24761252105236053,0.24756531417369843,0.24546822905540466,0.24615830183029175,0.24646149575710297,0.24813200533390045,0.467185914516449,0.46797117590904236,0.4658063054084778,0.46617621183395386,0.46647539734840393,0.46837860345840454,0.2791461944580078,0.2742544114589691,0.2706117630004883,0.2778073251247406,0.27594462037086487,0.2854679226875305,0.2907916307449341,0.48905622959136963,0.4867110848426819,0.4921394884586334,0.49048158526420593,0.4980766773223877,0.502395510673523,1e-04
91,0.24406559765338898,0.24538005888462067,0.2445925772190094,0.24262230098247528,0.24362626671791077,0.24339833855628967,0.24477434158325195,0.4670095443725586,0.4663301408290863,0.46478670835494995,0.4656236469745636,0.4653658866882324,0.466452419757843,0.2737313210964203,0.27329933643341064,0.2684359550476074,0.2726709842681885,0.2724194824695587,0.27821454405784607,0.2773475646972656,0.4883863925933838,0.4850570261478424,0.4882938861846924,0.4878620207309723,0.4926507771015167,0.49219152331352234,1e-04
92,0.24764296412467957,0.24824751913547516,0.2472841441631317,0.24625226855278015,0.24687181413173676,0.24783487617969513,0.24936753511428833,0.46764007210731506,0.4671681821346283,0.46620407700538635,0.4666091799736023,0.4674602746963501,0.4690829813480377,0.2606263756752014,0.26110321283340454,0.2592166066169739,0.2591390013694763,0.2596459984779358,0.2611137330532074,0.2635391354560852,0.4788082242012024,0.4775289297103882,0.47765037417411804,0.4778280258178711,0.479383647441864,0.4814777672290802,1e-04
93,0.2430124431848526,0.2443384826183319,0.24439996480941772,0.24163024127483368,0.24263574182987213,0.2418246567249298,0.24324645102024078,0.4654082953929901,0.4654306471347809,0.4631325304508209,0.4639739692211151,0.46327677369117737,0.46443799138069153,0.27922186255455017,0.2757645845413208,0.27503448724746704,0.2779993712902069,0.27673009037971497,0.2821751534938812,0.2876279652118683,0.49042582511901855,0.49020397663116455,0.49255436658859253,0.4913449287414551,0.49591097235679626,0.5003078579902649,1e-04
94,0.24465776979923248,0.24581997096538544,0.2442941963672638,0.24333378672599792,0.24419157207012177,0.24473817646503448,0.24556834995746613,0.4675028920173645,0.4666101038455963,0.46582287549972534,0.4663180112838745,0.467046320438385,0.4680383801460266,0.2668669819831848,0.265006422996521,0.2649422287940979,0.2655499279499054,0.2648226022720337,0.26828905940055847,0.27259156107902527,0.48199528455734253,0.48232799768447876,0.4828072488307953,0.4820156693458557,0.4850653111934662,0.488542377948761,1e-04
95,0.24105392396450043,0.2420339733362198,0.24135169386863708,0.23967842757701874,0.24043668806552887,0.24073776602745056,0.2420847862958908,0.46337026357650757,0.4627125859260559,0.46118634939193726,0.4619256854057312,0.46194231510162354,0.4629320502281189,0.26048797369003296,0.26193612813949585,0.25923436880111694,0.25887802243232727,0.2599007785320282,0.26050254702568054,0.2624756395816803,0.47931310534477234,0.4774050712585449,0.4773542881011963,0.4779248833656311,0.47881880402565,0.4805377423763275,1e-04
96,0.2399987429380417,0.23972941935062408,0.24102024734020233,0.2385447919368744,0.23873022198677063,0.2393856793642044,0.24258194863796234,0.46153756976127625,0.4630871117115021,0.46074378490448,0.46078717708587646,0.4613571763038635,0.46427756547927856,0.2600082755088806,0.2610573172569275,0.25886014103889465,0.2588760256767273,0.25969964265823364,0.26075971126556396,0.260796457529068,0.47882118821144104,0.4771711826324463,0.4774269163608551,0.4778941869735718,0.4790755808353424,0.4791772663593292,1e-04
97,0.24005255103111267,0.24039024114608765,0.2410537600517273,0.23867370188236237,0.2391454130411148,0.23940683901309967,0.2416449636220932,0.4610409736633301,0.46198371052742004,0.4597516357898712,0.46005481481552124,0.46031489968299866,0.4626094400882721,0.2653810679912567,0.267951101064682,0.2685352861881256,0.2638043165206909,0.26565811038017273,0.26303473114967346,0.2633024752140045,0.48350587487220764,0.48394575715065,0.4807068705558777,0.48191770911216736,0.4803955852985382,0.48059242963790894,1e-04
98,0.24326030910015106,0.2438756823539734,0.2439262568950653,0.24193574488162994,0.24252979457378387,0.2426501363515854,0.2446439415216446,0.4650003910064697,0.46509605646133423,0.46337610483169556,0.46389344334602356,0.463889479637146,0.4654994606971741,0.2645769715309143,0.26255783438682556,0.2613633871078491,0.26314249634742737,0.2623717784881592,0.2669142484664917,0.2711121439933777,0.4799494445323944,0.47934088110923767,0.480822890996933,0.47999340295791626,0.4839056432247162,0.48732462525367737,1e-04
99,0.24815893173217773,0.2500758767127991,0.2483823597431183,0.24696645140647888,0.24825884401798248,0.2476283609867096,0.2476412057876587,0.46940451860427856,0.46795472502708435,0.4668845236301422,0.467926949262619,0.4674805998802185,0.4675591289997101,0.29293984174728394,0.28772518038749695,0.2900726795196533,0.2916915714740753,0.2891416549682617,0.29596754908561707,0.3030402660369873,0.4993450343608856,0.5016470551490784,0.5028942823410034,0.5006611347198486,0.5062847137451172,0.5119083523750305,1e-04
